profile_id,call_source_id,call_title,source_url,relevant
p01-ai-manufacturing,HORIZON-CL4-2024-DIGITAL-EMERGING-01-04,"Industrial leadership in AI, Data and Robotics boosting competitiveness and the green transition (AI Data and Robotics Partnership) (IA)[[https://www.europarl.europa.eu/RegData/etudes/STUD/2021/662906/IPOL_STU(2021)662906_EN.pdf]]",https://ec.europa.eu/info/funding-tenders/opportunities/portal/screen/opportunities/competitive-calls-cs/45704318,
p01-ai-manufacturing,EDF-2026-LS-RA-CHALLENGE-DIGIT-AISAP-STEP,"AI-based tactical situational awareness using swarms of small robots and drones – participation in a  technological challenge""",https://ec.europa.eu/info/funding-tenders/opportunities/portal/screen/opportunities/topic-details/EDF-2026-LS-RA-CHALLENGE-DIGIT-AISAP-STEP,
p01-ai-manufacturing,HORIZON-CL3-2026-02-CS-ECCC-01,Approaches and tools for security in software and hardware development and assessment,https://ec.europa.eu/info/funding-tenders/opportunities/portal/screen/opportunities/topic-details/HORIZON-CL3-2026-02-CS-ECCC-01,
p01-ai-manufacturing,EDF-2026-LS-RA-CHALLENGE-DIGIT-AISAO,"AI-based tactical situational awareness using swarms of small robots and drones – organisation of a  technological challenge""",https://ec.europa.eu/info/funding-tenders/opportunities/portal/screen/opportunities/topic-details/EDF-2026-LS-RA-CHALLENGE-DIGIT-AISAO,
p01-ai-manufacturing,HORIZON-CL5-2026-09-D4-03,"Advanced data platforms to integrate whole life carbon in building information tools, assessments, and certification (Built4People Partnership)",https://ec.europa.eu/info/funding-tenders/opportunities/portal/screen/opportunities/topic-details/HORIZON-CL5-2026-09-D4-03,
p01-ai-manufacturing,HORIZON-CL3-2026-02-CS-ECCC-02,"Enhancing the Security, Privacy and Robustness of AI Models and Systems (SecureAI)",https://ec.europa.eu/info/funding-tenders/opportunities/portal/screen/opportunities/topic-details/HORIZON-CL3-2026-02-CS-ECCC-02,
p01-ai-manufacturing,HORIZON-CL5-2026-09-D3-03,Innovative technologies and solutions to improve wind energy systems supporting the Strategic Energy Technology (SET) Plan on wind,https://ec.europa.eu/info/funding-tenders/opportunities/portal/screen/opportunities/topic-details/HORIZON-CL5-2026-09-D3-03,
p01-ai-manufacturing,DIGITAL-2023-SKILLS-04-SEMICONDUCTORS,Reinforcing skills in semiconductors,https://ec.europa.eu/info/funding-tenders/opportunities/portal/screen/opportunities/competitive-calls-cs/46014314,
p01-ai-manufacturing,HORIZON-CL5-2026-10-D6-02,Geopolitical competition and socioeconomic resilience in CCAM: an innovation and policy roadmap for EU leadership (CCAM Partnership),https://ec.europa.eu/info/funding-tenders/opportunities/portal/screen/opportunities/topic-details/HORIZON-CL5-2026-10-D6-02,
p01-ai-manufacturing,EDF-2026-LS-DA-SME-NT,Non-thematic development actions by SMEs,https://ec.europa.eu/info/funding-tenders/opportunities/portal/screen/opportunities/topic-details/EDF-2026-LS-DA-SME-NT,
p01-ai-manufacturing,HORIZON-CL2-2026-01-TRANSFO-05,"Contribution of basic skills to productivity, innovation, competitiveness and economic growth",https://ec.europa.eu/info/funding-tenders/opportunities/portal/screen/opportunities/topic-details/HORIZON-CL2-2026-01-TRANSFO-05,
p01-ai-manufacturing,HORIZON-EURATOM-LS-2026-01-01,Safety of operating nuclear power plants and research reactors,https://ec.europa.eu/info/funding-tenders/opportunities/portal/screen/opportunities/topic-details/HORIZON-EURATOM-LS-2026-01-01,
p01-ai-manufacturing,CREA-MEDIA-2024-INNOVBUSMOD,Innovative tools and business models,https://ec.europa.eu/info/funding-tenders/opportunities/data/topicDetails/CREA-MEDIA-2024-INNOVBUSMOD.json,
p01-ai-manufacturing,HORIZON-EIT-2025-KIC-IBA-UM,EITURBANMOBILITY Business Plan 2026,https://ec.europa.eu/info/funding-tenders/opportunities/portal/screen/opportunities/competitive-calls-cs/48939761,
p01-ai-manufacturing,HORIZON-EURATOM-2026-01-01,Safety of operating nuclear power plants and research reactors,https://ec.europa.eu/info/funding-tenders/opportunities/portal/screen/opportunities/topic-details/HORIZON-EURATOM-2026-01-01,
p01-ai-manufacturing,EDF-EDIP-USI-2026-LS-IRA-MAB,"Missiles, ammunition and bombs",https://ec.europa.eu/info/funding-tenders/opportunities/portal/screen/opportunities/topic-details/EDF-EDIP-USI-2026-LS-IRA-MAB,
p01-ai-manufacturing,HORIZON-CL5-2026-09-D4-01,"Researching the technical, social & economic factors impacting the energy performance of Smart Buildings (Built4People Partnership)",https://ec.europa.eu/info/funding-tenders/opportunities/portal/screen/opportunities/topic-details/HORIZON-CL5-2026-09-D4-01,
p01-ai-manufacturing,HORIZON-CL5-2026-10-D6-03,"Generative AI for smarter CCAM: enhancing perception, decision-making, and validation (CCAM Partnership)",https://ec.europa.eu/info/funding-tenders/opportunities/portal/screen/opportunities/topic-details/HORIZON-CL5-2026-10-D6-03,
p01-ai-manufacturing,HORIZON-CL2-2026-01-HERITAGE-07,Preventing and fighting illicit trafficking of cultural goods,https://ec.europa.eu/info/funding-tenders/opportunities/portal/screen/opportunities/topic-details/HORIZON-CL2-2026-01-HERITAGE-07,
p01-ai-manufacturing,HORIZON-CL5-2024-D3-01-12,Energy Management Systems for flexibility services,https://ec.europa.eu/info/funding-tenders/opportunities/data/topicDetails/HORIZON-CL5-2024-D3-01-12.json,
p02-green-energy,HORIZON-CL5-2026-09-D3-03,Innovative technologies and solutions to improve wind energy systems supporting the Strategic Energy Technology (SET) Plan on wind,https://ec.europa.eu/info/funding-tenders/opportunities/portal/screen/opportunities/topic-details/HORIZON-CL5-2026-09-D3-03,
p02-green-energy,HORIZON-CL5-2024-D3-01-10,Next generation of renewable energy technologies,https://ec.europa.eu/info/funding-tenders/opportunities/data/topicDetails/HORIZON-CL5-2024-D3-01-10.json,
p02-green-energy,LIFE-2026-CET-DIGITAL,Supporting digitalisation of Distribution System Operators for a smart energy transition (Smart Grid Academy),https://ec.europa.eu/info/funding-tenders/opportunities/portal/screen/opportunities/topic-details/LIFE-2026-CET-DIGITAL,
p02-green-energy,HORIZON-CL5-2023-D3-01-15,Supporting the green and digital transformation of the energy ecosystem and enhancing its resilience through the development and piloting of AI-IoT Edge-cloud and platform solutions,https://ec.europa.eu/info/funding-tenders/opportunities/portal/screen/opportunities/competitive-calls-cs/45646643,
p02-green-energy,HORIZON-CL5-2026-09-D4-08,Full-scale demonstration of heat upgrade solutions in industrial processes,https://ec.europa.eu/info/funding-tenders/opportunities/portal/screen/opportunities/topic-details/HORIZON-CL5-2026-09-D4-08,
p02-green-energy,CEF-T-2026-SUSTMOBGEN-EMS-WORKS,European Maritime Space and Inland ports (AFIF) - works,https://ec.europa.eu/info/funding-tenders/opportunities/portal/screen/opportunities/topic-details/CEF-T-2026-SUSTMOBGEN-EMS-WORKS,
p02-green-energy,HORIZON-CL5-2026-09-D4-03,"Advanced data platforms to integrate whole life carbon in building information tools, assessments, and certification (Built4People Partnership)",https://ec.europa.eu/info/funding-tenders/opportunities/portal/screen/opportunities/topic-details/HORIZON-CL5-2026-09-D4-03,
p02-green-energy,HORIZON-CL3-2026-01-INFRA-01,Tools and processes to support stress tests of critical infrastructure,https://ec.europa.eu/info/funding-tenders/opportunities/portal/screen/opportunities/topic-details/HORIZON-CL3-2026-01-INFRA-01,
p02-green-energy,HORIZON-CL3-2026-01-DRS-05,Climate security and civil preparedness – new ways to develop pre- and post-crisis climate-change related scenarios for a more resilient Europe,https://ec.europa.eu/info/funding-tenders/opportunities/portal/screen/opportunities/topic-details/HORIZON-CL3-2026-01-DRS-05,
p02-green-energy,LIFE-2026-CET-INDUSTRY,Supporting the clean energy transition of European industry and businesses,https://ec.europa.eu/info/funding-tenders/opportunities/portal/screen/opportunities/topic-details/LIFE-2026-CET-INDUSTRY,
p02-green-energy,HORIZON-CID-2026-01-02,R&I in Support of the Clean Industrial Deal: Clean Technologies for Climate Action,https://ec.europa.eu/info/funding-tenders/opportunities/portal/screen/opportunities/topic-details/HORIZON-CID-2026-01-02,
p02-green-energy,RENEWFM-2026-INVEST-TECH-SPEC,Renewable energy financing mechanism technology specific,https://ec.europa.eu/info/funding-tenders/opportunities/portal/screen/opportunities/topic-details/RENEWFM-2026-INVEST-TECH-SPEC,
p02-green-energy,LIFE-2026-CET-EMPOWER,Scaling up smart and clean energy solutions for affordability in EU cities,https://ec.europa.eu/info/funding-tenders/opportunities/portal/screen/opportunities/topic-details/LIFE-2026-CET-EMPOWER,
p02-green-energy,HORIZON-CL5-2024-D3-01-12,Energy Management Systems for flexibility services,https://ec.europa.eu/info/funding-tenders/opportunities/data/topicDetails/HORIZON-CL5-2024-D3-01-12.json,
p02-green-energy,HORIZON-CL6-2026-01-CIRCBIO-08,Supporting pre-normative research for standardization of the bio-based products,https://ec.europa.eu/info/funding-tenders/opportunities/portal/screen/opportunities/topic-details/HORIZON-CL6-2026-01-CIRCBIO-08,
p02-green-energy,HORIZON-MISS-2026-03-OCEAN-04,Towards a European network of ocean technology testing sites,https://ec.europa.eu/info/funding-tenders/opportunities/portal/screen/opportunities/topic-details/HORIZON-MISS-2026-03-OCEAN-04,
p02-green-energy,LIFE-2026-CET-PRIVAFIN,Crowding in private finance,https://ec.europa.eu/info/funding-tenders/opportunities/portal/screen/opportunities/topic-details/LIFE-2026-CET-PRIVAFIN,
p02-green-energy,EDF-2026-DA-ENERENV-HPES-STEP,High-performance energy systems,https://ec.europa.eu/info/funding-tenders/opportunities/portal/screen/opportunities/topic-details/EDF-2026-DA-ENERENV-HPES-STEP,
p02-green-energy,HORIZON-CL5-2026-09-D4-01,"Researching the technical, social & economic factors impacting the energy performance of Smart Buildings (Built4People Partnership)",https://ec.europa.eu/info/funding-tenders/opportunities/portal/screen/opportunities/topic-details/HORIZON-CL5-2026-09-D4-01,
p02-green-energy,PPPA-2026-IRIS2-UT-IND-READINESS,Industrial Readiness for Affordable Ka-band User Terminals,https://ec.europa.eu/info/funding-tenders/opportunities/portal/screen/opportunities/topic-details/PPPA-2026-IRIS2-UT-IND-READINESS,
p03-health-data,HORIZON-HLTH-2026-02-DISEASE-12,European Partnership on Rare Diseases (ERDERA) (Phase 2),https://ec.europa.eu/info/funding-tenders/opportunities/portal/screen/opportunities/topic-details/HORIZON-HLTH-2026-02-DISEASE-12,
p03-health-data,HORIZON-JU-GH-EDCTP3-2026-03-SERP-01,"Training and innovation networks for sustained capacity development related to ethics, regulatory, pharmacovigilance, and related digital regulatory platforms",https://ec.europa.eu/info/funding-tenders/opportunities/portal/screen/opportunities/topic-details/HORIZON-JU-GH-EDCTP3-2026-03-SERP-01,
p03-health-data,DIGITAL-2026-AI-PILOTING-10-SCREENING,Apply AI: Piloting AI-based image screening in medical centres,https://ec.europa.eu/info/funding-tenders/opportunities/portal/screen/opportunities/topic-details/DIGITAL-2026-AI-PILOTING-10-SCREENING,
p03-health-data,DIGITAL-2026-BESTUSE-10-EHDS,Building capacity to deploy the EEHRxF and digital  health services and systems to support the rights of  citizens and reuse of health data under EHDS,https://ec.europa.eu/info/funding-tenders/opportunities/portal/screen/opportunities/topic-details/DIGITAL-2026-BESTUSE-10-EHDS,
p03-health-data,HORIZON-MISS-2026-02-CANCER-01,Virtual Human Twin (VHT) Models for Cancer Research,https://ec.europa.eu/info/funding-tenders/opportunities/portal/screen/opportunities/topic-details/HORIZON-MISS-2026-02-CANCER-01,
p03-health-data,HORIZON-MISS-2026-02-CANCER-05,Boosting mental health of young cancer survivors through the European Cancer Patient Digital Centre (ECPDC),https://ec.europa.eu/info/funding-tenders/opportunities/portal/screen/opportunities/topic-details/HORIZON-MISS-2026-02-CANCER-05,
p03-health-data,HORIZON-CL3-2026-01-INFRA-01,Tools and processes to support stress tests of critical infrastructure,https://ec.europa.eu/info/funding-tenders/opportunities/portal/screen/opportunities/topic-details/HORIZON-CL3-2026-01-INFRA-01,
p03-health-data,HORIZON-CL2-2026-01-TRANSFO-09,Rethinking long-term care policy in the face of EU demographic shifts,https://ec.europa.eu/info/funding-tenders/opportunities/portal/screen/opportunities/topic-details/HORIZON-CL2-2026-01-TRANSFO-09,
p03-health-data,DIGITAL-2023-CLOUD-DATA-AI-05-DATATOURISM,Data Space for tourism,https://ec.europa.eu/info/funding-tenders/opportunities/data/topicDetails/DIGITAL-2023-CLOUD-DATA-AI-05-DATATOURISM.json,
p03-health-data,DIGITAL-2026-SKILLS-10-DIGITAL-HEALTH-STEP,Advanced Digital Skills for AI Uptake in Health,https://ec.europa.eu/info/funding-tenders/opportunities/portal/screen/opportunities/topic-details/DIGITAL-2026-SKILLS-10-DIGITAL-HEALTH-STEP,
p03-health-data,PPPA-2026-BORN-DIGITAL-HERITAGE,Safeguarding Europe’s Born-digital Heritage,https://ec.europa.eu/info/funding-tenders/opportunities/portal/screen/opportunities/topic-details/PPPA-2026-BORN-DIGITAL-HERITAGE,
p03-health-data,EDF-2026-LS-RA-CHALLENGE-DIGIT-AISAP-STEP,"AI-based tactical situational awareness using swarms of small robots and drones – participation in a  technological challenge""",https://ec.europa.eu/info/funding-tenders/opportunities/portal/screen/opportunities/topic-details/EDF-2026-LS-RA-CHALLENGE-DIGIT-AISAP-STEP,
p03-health-data,HORIZON-JU-GH-EDCTP3-2026-03-DIGIT-02,Enhancing integrated research and healthcare in sub-Saharan Africa through digital innovation and Artificial Intelligence,https://ec.europa.eu/info/funding-tenders/opportunities/portal/screen/opportunities/topic-details/HORIZON-JU-GH-EDCTP3-2026-03-DIGIT-02,
p03-health-data,HORIZON-JU-IHI-2023-05-04,Maximising the potential of synthetic data generation in healthcare applications,https://ec.europa.eu/info/funding-tenders/opportunities/data/topicDetails/HORIZON-JU-IHI-2023-05-04.json,
p03-health-data,HORIZON-MISS-2026-05-SOIL-04,Leveraging long-term field experiments and other datasets to develop AI-ready decision support systems for sustainable soil management,https://ec.europa.eu/info/funding-tenders/opportunities/portal/screen/opportunities/topic-details/HORIZON-MISS-2026-05-SOIL-04,
p03-health-data,HORIZON-CL2-2026-01-HERITAGE-07,Preventing and fighting illicit trafficking of cultural goods,https://ec.europa.eu/info/funding-tenders/opportunities/portal/screen/opportunities/topic-details/HORIZON-CL2-2026-01-HERITAGE-07,
p03-health-data,HORIZON-INFRA-2024-EOSC-01-03,Enabling a network of EOSC federated and trustworthy repositories and enhancing the framework of generic and discipline specific services for data and other research digital objects,https://ec.europa.eu/info/funding-tenders/opportunities/portal/screen/opportunities/competitive-calls-cs/45747793,
p03-health-data,HORIZON-MISS-2026-02-CANCER-03,Pragmatic clinical trials to optimise immunotherapeutic interventions for patients with refractory cancers,https://ec.europa.eu/info/funding-tenders/opportunities/portal/screen/opportunities/topic-details/HORIZON-MISS-2026-02-CANCER-03,
p03-health-data,HORIZON-MISS-2026-01-CLIMA-07,Supporting financing of local adaptation actions with combination of public funding and private financing,https://ec.europa.eu/info/funding-tenders/opportunities/portal/screen/opportunities/topic-details/HORIZON-MISS-2026-01-CLIMA-07,
p03-health-data,HORIZON-MISS-2026-02-CANCER-06,Development of a research capacity building programme on cancer with and for Ukraine,https://ec.europa.eu/info/funding-tenders/opportunities/portal/screen/opportunities/topic-details/HORIZON-MISS-2026-02-CANCER-06,
p04-agritech,EDF-2026-LS-RA-CHALLENGE-DIGIT-AISAP-STEP,"AI-based tactical situational awareness using swarms of small robots and drones – participation in a  technological challenge""",https://ec.europa.eu/info/funding-tenders/opportunities/portal/screen/opportunities/topic-details/EDF-2026-LS-RA-CHALLENGE-DIGIT-AISAP-STEP,
p04-agritech,HORIZON-MISS-2026-05-SOIL-04,Leveraging long-term field experiments and other datasets to develop AI-ready decision support systems for sustainable soil management,https://ec.europa.eu/info/funding-tenders/opportunities/portal/screen/opportunities/topic-details/HORIZON-MISS-2026-05-SOIL-04,
p04-agritech,EDF-2026-LS-RA-CHALLENGE-DIGIT-AISAO,"AI-based tactical situational awareness using swarms of small robots and drones – organisation of a  technological challenge""",https://ec.europa.eu/info/funding-tenders/opportunities/portal/screen/opportunities/topic-details/EDF-2026-LS-RA-CHALLENGE-DIGIT-AISAO,
p04-agritech,HORIZON-CL6-2026-01-CIRCBIO-07,Advancing the European bio-based innovation enabled by biotechnology and biomanufacturing concepts,https://ec.europa.eu/info/funding-tenders/opportunities/portal/screen/opportunities/topic-details/HORIZON-CL6-2026-01-CIRCBIO-07,
p04-agritech,DT-ICT-09-2020,Boost rural economies through cross-sector digital service platforms,https://ec.europa.eu/info/funding-tenders/opportunities/data/topicDetails/4403COMPETITIVE_CALLen,
p04-agritech,EDF-2026-DA-ENERENV-AWC-STEP,Ammunition Waste Collection and Disposal Unmanned Platform,https://ec.europa.eu/info/funding-tenders/opportunities/portal/screen/opportunities/topic-details/EDF-2026-DA-ENERENV-AWC-STEP,
p04-agritech,HORIZON-MISS-2026-03-OCEAN-05,Regional  (sea-basins) components of the EU Digital Twin Ocean,https://ec.europa.eu/info/funding-tenders/opportunities/portal/screen/opportunities/topic-details/HORIZON-MISS-2026-03-OCEAN-05,
p04-agritech,HORIZON-CL2-2026-01-HERITAGE-07,Preventing and fighting illicit trafficking of cultural goods,https://ec.europa.eu/info/funding-tenders/opportunities/portal/screen/opportunities/topic-details/HORIZON-CL2-2026-01-HERITAGE-07,
p04-agritech,HORIZON-CL6-2022-FARM2FORK-02-04-two-stage,"Smart solutions for the use of digital technologies for small- and medium-sized, farms and farm structures",https://ec.europa.eu/info/funding-tenders/opportunities/portal/screen/opportunities/competitive-calls-cs/44095153,
p04-agritech,HORIZON-CL3-2026-01-INFRA-01,Tools and processes to support stress tests of critical infrastructure,https://ec.europa.eu/info/funding-tenders/opportunities/portal/screen/opportunities/topic-details/HORIZON-CL3-2026-01-INFRA-01,
p04-agritech,HORIZON-MISS-2026-05-SOIL-03,Enabling user-centred and open innovation initiatives to enhance soil health in Ukraine,https://ec.europa.eu/info/funding-tenders/opportunities/portal/screen/opportunities/topic-details/HORIZON-MISS-2026-05-SOIL-03,
p04-agritech,EDF-2026-RA-AIR-A4R,Autonomous and automatic air-to-air refuelling,https://ec.europa.eu/info/funding-tenders/opportunities/portal/screen/opportunities/topic-details/EDF-2026-RA-AIR-A4R,
p04-agritech,HORIZON-CL2-2026-01-TRANSFO-05,"Contribution of basic skills to productivity, innovation, competitiveness and economic growth",https://ec.europa.eu/info/funding-tenders/opportunities/portal/screen/opportunities/topic-details/HORIZON-CL2-2026-01-TRANSFO-05,
p04-agritech,HORIZON-WIDERA-2023-ACCESS-07-01,Excellence Hubs,https://ec.europa.eu/info/funding-tenders/opportunities/portal/screen/opportunities/competitive-calls-cs/45640341,
p04-agritech,HORIZON-MISS-2026-05-SOIL-01,"Monitoring soil health in practice: equipping stakeholders to sample, analyse, and interpret soil health indicators",https://ec.europa.eu/info/funding-tenders/opportunities/portal/screen/opportunities/topic-details/HORIZON-MISS-2026-05-SOIL-01,
p04-agritech,HORIZON-CL3-2026-01-DRS-05,Climate security and civil preparedness – new ways to develop pre- and post-crisis climate-change related scenarios for a more resilient Europe,https://ec.europa.eu/info/funding-tenders/opportunities/portal/screen/opportunities/topic-details/HORIZON-CL3-2026-01-DRS-05,
p04-agritech,HORIZON-MISS-2026-06-CLIMA-SOIL,Joint demonstration of solutions to build soil resilience to extreme weather events and support food security ,https://ec.europa.eu/info/funding-tenders/opportunities/portal/screen/opportunities/topic-details/HORIZON-MISS-2026-06-CLIMA-SOIL,
p04-agritech,EDF-2026-DA-ACC-AIRDEF-EATMI,High-end endo-atmospheric interception,https://ec.europa.eu/info/funding-tenders/opportunities/portal/screen/opportunities/topic-details/EDF-2026-DA-ACC-AIRDEF-EATMI,
p04-agritech,HORIZON-CL5-2026-09-D3-03,Innovative technologies and solutions to improve wind energy systems supporting the Strategic Energy Technology (SET) Plan on wind,https://ec.europa.eu/info/funding-tenders/opportunities/portal/screen/opportunities/topic-details/HORIZON-CL5-2026-09-D3-03,
p04-agritech,HORIZON-CL5-2024-D3-01-10,Next generation of renewable energy technologies,https://ec.europa.eu/info/funding-tenders/opportunities/data/topicDetails/HORIZON-CL5-2024-D3-01-10.json,
p05-logistics,HORIZON-CL3-2026-02-CS-ECCC-01,Approaches and tools for security in software and hardware development and assessment,https://ec.europa.eu/info/funding-tenders/opportunities/portal/screen/opportunities/topic-details/HORIZON-CL3-2026-02-CS-ECCC-01,
p05-logistics,HORIZON-CL5-2026-10-D6-06,Increasing competitiveness and resilience of multimodal freight transport and logistics for competitive supply chains,https://ec.europa.eu/info/funding-tenders/opportunities/portal/screen/opportunities/topic-details/HORIZON-CL5-2026-10-D6-06,
p05-logistics,HORIZON-CL2-2026-01-HERITAGE-07,Preventing and fighting illicit trafficking of cultural goods,https://ec.europa.eu/info/funding-tenders/opportunities/portal/screen/opportunities/topic-details/HORIZON-CL2-2026-01-HERITAGE-07,
p05-logistics,HORIZON-CL4-2024-DIGITAL-EMERGING-01-04,"Industrial leadership in AI, Data and Robotics boosting competitiveness and the green transition (AI Data and Robotics Partnership) (IA)[[https://www.europarl.europa.eu/RegData/etudes/STUD/2021/662906/IPOL_STU(2021)662906_EN.pdf]]",https://ec.europa.eu/info/funding-tenders/opportunities/portal/screen/opportunities/competitive-calls-cs/45704318,
p05-logistics,HORIZON-CL5-2026-10-D6-02,Geopolitical competition and socioeconomic resilience in CCAM: an innovation and policy roadmap for EU leadership (CCAM Partnership),https://ec.europa.eu/info/funding-tenders/opportunities/portal/screen/opportunities/topic-details/HORIZON-CL5-2026-10-D6-02,
p05-logistics,HORIZON-JU-GH-EDCTP3-2026-03-SERP-01,"Training and innovation networks for sustained capacity development related to ethics, regulatory, pharmacovigilance, and related digital regulatory platforms",https://ec.europa.eu/info/funding-tenders/opportunities/portal/screen/opportunities/topic-details/HORIZON-JU-GH-EDCTP3-2026-03-SERP-01,
p05-logistics,HORIZON-CL2-2026-01-TRANSFO-05,"Contribution of basic skills to productivity, innovation, competitiveness and economic growth",https://ec.europa.eu/info/funding-tenders/opportunities/portal/screen/opportunities/topic-details/HORIZON-CL2-2026-01-TRANSFO-05,
p05-logistics,EDF-2026-LS-RA-CHALLENGE-DIGIT-AISAO,"AI-based tactical situational awareness using swarms of small robots and drones – organisation of a  technological challenge""",https://ec.europa.eu/info/funding-tenders/opportunities/portal/screen/opportunities/topic-details/EDF-2026-LS-RA-CHALLENGE-DIGIT-AISAO,
p05-logistics,HORIZON-MISS-2026-03-OCEAN-03,"By fishers, for fishers: co-management of marine and freshwaters ecosystems and resources",https://ec.europa.eu/info/funding-tenders/opportunities/portal/screen/opportunities/topic-details/HORIZON-MISS-2026-03-OCEAN-03,
p05-logistics,HORIZON-CL5-2026-10-D6-03,"Generative AI for smarter CCAM: enhancing perception, decision-making, and validation (CCAM Partnership)",https://ec.europa.eu/info/funding-tenders/opportunities/portal/screen/opportunities/topic-details/HORIZON-CL5-2026-10-D6-03,
p05-logistics,LIFE-2026-CET-DIGITAL,Supporting digitalisation of Distribution System Operators for a smart energy transition (Smart Grid Academy),https://ec.europa.eu/info/funding-tenders/opportunities/portal/screen/opportunities/topic-details/LIFE-2026-CET-DIGITAL,
p05-logistics,HORIZON-MISS-2026-05-SOIL-04,Leveraging long-term field experiments and other datasets to develop AI-ready decision support systems for sustainable soil management,https://ec.europa.eu/info/funding-tenders/opportunities/portal/screen/opportunities/topic-details/HORIZON-MISS-2026-05-SOIL-04,
p05-logistics,CEF-T-2026-SIMOBGEN-NEWTECH-WORKS,New technologies and innovation: digitalisation of road transport - works,https://ec.europa.eu/info/funding-tenders/opportunities/portal/screen/opportunities/topic-details/CEF-T-2026-SIMOBGEN-NEWTECH-WORKS,
p05-logistics,EDF-2026-LS-RA-CHALLENGE-DIGIT-AISAP-STEP,"AI-based tactical situational awareness using swarms of small robots and drones – participation in a  technological challenge""",https://ec.europa.eu/info/funding-tenders/opportunities/portal/screen/opportunities/topic-details/EDF-2026-LS-RA-CHALLENGE-DIGIT-AISAP-STEP,
p05-logistics,HORIZON-CL5-2026-09-D3-03,Innovative technologies and solutions to improve wind energy systems supporting the Strategic Energy Technology (SET) Plan on wind,https://ec.europa.eu/info/funding-tenders/opportunities/portal/screen/opportunities/topic-details/HORIZON-CL5-2026-09-D3-03,
p05-logistics,EDF-2026-RA-AIR-A4R,Autonomous and automatic air-to-air refuelling,https://ec.europa.eu/info/funding-tenders/opportunities/portal/screen/opportunities/topic-details/EDF-2026-RA-AIR-A4R,
p05-logistics,EDF-EDIP-USI-2026-LS-IRA-MAB,"Missiles, ammunition and bombs",https://ec.europa.eu/info/funding-tenders/opportunities/portal/screen/opportunities/topic-details/EDF-EDIP-USI-2026-LS-IRA-MAB,
p05-logistics,HORIZON-CL5-2026-10-D6-09,Road Safety and resilience of rural areas,https://ec.europa.eu/info/funding-tenders/opportunities/portal/screen/opportunities/topic-details/HORIZON-CL5-2026-10-D6-09,
p05-logistics,HORIZON-CL3-2026-01-INFRA-01,Tools and processes to support stress tests of critical infrastructure,https://ec.europa.eu/info/funding-tenders/opportunities/portal/screen/opportunities/topic-details/HORIZON-CL3-2026-01-INFRA-01,
p05-logistics,HORIZON-WIDERA-2026-01-WIDENING-01,Teaming Synergies,https://ec.europa.eu/info/funding-tenders/opportunities/portal/screen/opportunities/topic-details/HORIZON-WIDERA-2026-01-WIDENING-01,
p06-cybersecurity-iot,HORIZON-CL3-2026-01-INFRA-01,Tools and processes to support stress tests of critical infrastructure,https://ec.europa.eu/info/funding-tenders/opportunities/portal/screen/opportunities/topic-details/HORIZON-CL3-2026-01-INFRA-01,
p06-cybersecurity-iot,EDF-2026-LS-RA-CHALLENGE-DIGIT-AISAP-STEP,"AI-based tactical situational awareness using swarms of small robots and drones – participation in a  technological challenge""",https://ec.europa.eu/info/funding-tenders/opportunities/portal/screen/opportunities/topic-details/EDF-2026-LS-RA-CHALLENGE-DIGIT-AISAP-STEP,
p06-cybersecurity-iot,HORIZON-CL3-2026-02-CS-ECCC-01,Approaches and tools for security in software and hardware development and assessment,https://ec.europa.eu/info/funding-tenders/opportunities/portal/screen/opportunities/topic-details/HORIZON-CL3-2026-02-CS-ECCC-01,
p06-cybersecurity-iot,HORIZON-CL5-2026-10-D6-02,Geopolitical competition and socioeconomic resilience in CCAM: an innovation and policy roadmap for EU leadership (CCAM Partnership),https://ec.europa.eu/info/funding-tenders/opportunities/portal/screen/opportunities/topic-details/HORIZON-CL5-2026-10-D6-02,
p06-cybersecurity-iot,HORIZON-CL5-2026-09-D4-01,"Researching the technical, social & economic factors impacting the energy performance of Smart Buildings (Built4People Partnership)",https://ec.europa.eu/info/funding-tenders/opportunities/portal/screen/opportunities/topic-details/HORIZON-CL5-2026-09-D4-01,
p06-cybersecurity-iot,EDF-2026-LS-DA-SME-NT,Non-thematic development actions by SMEs,https://ec.europa.eu/info/funding-tenders/opportunities/portal/screen/opportunities/topic-details/EDF-2026-LS-DA-SME-NT,
p06-cybersecurity-iot,DIGITAL-ECCC-2024-DEPLOY-NCC-06-MS-COORDINATION,Deploying The Network of National Coordination Centres with Member States,https://ec.europa.eu/info/funding-tenders/opportunities/portal/screen/opportunities/competitive-calls-cs/46786367,
p06-cybersecurity-iot,EDF-EDIP-USI-2026-LS-IRA-MAB,"Missiles, ammunition and bombs",https://ec.europa.eu/info/funding-tenders/opportunities/portal/screen/opportunities/topic-details/EDF-EDIP-USI-2026-LS-IRA-MAB,
p06-cybersecurity-iot,HORIZON-CL2-2026-01-HERITAGE-07,Preventing and fighting illicit trafficking of cultural goods,https://ec.europa.eu/info/funding-tenders/opportunities/portal/screen/opportunities/topic-details/HORIZON-CL2-2026-01-HERITAGE-07,
p06-cybersecurity-iot,CEF-DIG-2026-SMART-CABLES-WORKS,Equipment for smart European cable systems - Works,https://ec.europa.eu/info/funding-tenders/opportunities/portal/screen/opportunities/topic-details/CEF-DIG-2026-SMART-CABLES-WORKS,
p06-cybersecurity-iot,DIGITAL-2026-BESTUSE-RSF-10-AWARENESS,Research Support Framework for Situational Awareness on information integrity,https://ec.europa.eu/info/funding-tenders/opportunities/portal/screen/opportunities/topic-details/DIGITAL-2026-BESTUSE-RSF-10-AWARENESS,
p06-cybersecurity-iot,HORIZON-MISS-2026-03-OCEAN-04,Towards a European network of ocean technology testing sites,https://ec.europa.eu/info/funding-tenders/opportunities/portal/screen/opportunities/topic-details/HORIZON-MISS-2026-03-OCEAN-04,
p06-cybersecurity-iot,EDF-2026-LS-RA-CHALLENGE-DIGIT-AISAO,"AI-based tactical situational awareness using swarms of small robots and drones – organisation of a  technological challenge""",https://ec.europa.eu/info/funding-tenders/opportunities/portal/screen/opportunities/topic-details/EDF-2026-LS-RA-CHALLENGE-DIGIT-AISAO,
p06-cybersecurity-iot,HORIZON-CL3-2026-01-DRS-05,Climate security and civil preparedness – new ways to develop pre- and post-crisis climate-change related scenarios for a more resilient Europe,https://ec.europa.eu/info/funding-tenders/opportunities/portal/screen/opportunities/topic-details/HORIZON-CL3-2026-01-DRS-05,
p06-cybersecurity-iot,HORIZON-CL3-2026-02-CS-ECCC-02,"Enhancing the Security, Privacy and Robustness of AI Models and Systems (SecureAI)",https://ec.europa.eu/info/funding-tenders/opportunities/portal/screen/opportunities/topic-details/HORIZON-CL3-2026-02-CS-ECCC-02,
p06-cybersecurity-iot,EDF-2026-RA-CYBER-QSTN,Quantum secured tactical networks,https://ec.europa.eu/info/funding-tenders/opportunities/portal/screen/opportunities/topic-details/EDF-2026-RA-CYBER-QSTN,
p06-cybersecurity-iot,PPPA-2026-IRIS2-UT-IND-READINESS,Industrial Readiness for Affordable Ka-band User Terminals,https://ec.europa.eu/info/funding-tenders/opportunities/portal/screen/opportunities/topic-details/PPPA-2026-IRIS2-UT-IND-READINESS,
p06-cybersecurity-iot,HORIZON-WIDERA-2026-01-WIDENING-01,Teaming Synergies,https://ec.europa.eu/info/funding-tenders/opportunities/portal/screen/opportunities/topic-details/HORIZON-WIDERA-2026-01-WIDENING-01,
p06-cybersecurity-iot,HORIZON-CL6-2026-01-CIRCBIO-08,Supporting pre-normative research for standardization of the bio-based products,https://ec.europa.eu/info/funding-tenders/opportunities/portal/screen/opportunities/topic-details/HORIZON-CL6-2026-01-CIRCBIO-08,
p06-cybersecurity-iot,DIGITAL-2026-AI-PILOTING-10-SCREENING,Apply AI: Piloting AI-based image screening in medical centres,https://ec.europa.eu/info/funding-tenders/opportunities/portal/screen/opportunities/topic-details/DIGITAL-2026-AI-PILOTING-10-SCREENING,
p07-fintech-regtech,EDF-2026-LS-RA-CHALLENGE-DIGIT-AISAP-STEP,"AI-based tactical situational awareness using swarms of small robots and drones – participation in a  technological challenge""",https://ec.europa.eu/info/funding-tenders/opportunities/portal/screen/opportunities/topic-details/EDF-2026-LS-RA-CHALLENGE-DIGIT-AISAP-STEP,
p07-fintech-regtech,EDF-2026-LS-RA-CHALLENGE-DIGIT-AISAO,"AI-based tactical situational awareness using swarms of small robots and drones – organisation of a  technological challenge""",https://ec.europa.eu/info/funding-tenders/opportunities/portal/screen/opportunities/topic-details/EDF-2026-LS-RA-CHALLENGE-DIGIT-AISAO,
p07-fintech-regtech,HORIZON-CL2-2026-01-HERITAGE-07,Preventing and fighting illicit trafficking of cultural goods,https://ec.europa.eu/info/funding-tenders/opportunities/portal/screen/opportunities/topic-details/HORIZON-CL2-2026-01-HERITAGE-07,
p07-fintech-regtech,DIGITAL-2026-SKILLS-10-EDTECH,EdTech Accelerator,https://ec.europa.eu/info/funding-tenders/opportunities/portal/screen/opportunities/topic-details/DIGITAL-2026-SKILLS-10-EDTECH,
p07-fintech-regtech,HORIZON-EIC-2026-TRANSITIONOPEN,EIC Transition Open,https://ec.europa.eu/info/funding-tenders/opportunities/portal/screen/opportunities/topic-details/HORIZON-EIC-2026-TRANSITIONOPEN,
p07-fintech-regtech,DIGITAL-2026-AI-DATA-10-COMPLIANCE,Digital solutions for regulatory compliance  through data,https://ec.europa.eu/info/funding-tenders/opportunities/portal/screen/opportunities/topic-details/DIGITAL-2026-AI-DATA-10-COMPLIANCE,
p07-fintech-regtech,DIGITAL-2026-AI-PILOTING-10-SCREENING,Apply AI: Piloting AI-based image screening in medical centres,https://ec.europa.eu/info/funding-tenders/opportunities/portal/screen/opportunities/topic-details/DIGITAL-2026-AI-PILOTING-10-SCREENING,
p07-fintech-regtech,HORIZON-EIC-2025-WOMENTECH,Women Tech.EU initiative,https://ec.europa.eu/info/funding-tenders/opportunities/portal/screen/opportunities/competitive-calls-cs/48106227,
p07-fintech-regtech,HORIZON-EIC-2021-STARTUPEU-01-01,Enhancing synergies between the EIC and Startup Europe,https://ec.europa.eu/info/funding-tenders/opportunities/data/topicDetails/4044COMPETITIVE_CALLen,
p07-fintech-regtech,EDF-2026-RA-AIR-A4R,Autonomous and automatic air-to-air refuelling,https://ec.europa.eu/info/funding-tenders/opportunities/portal/screen/opportunities/topic-details/EDF-2026-RA-AIR-A4R,
p07-fintech-regtech,ISF-2026-TF2-AG-OCDT,Organised crime and drug trafficking,https://ec.europa.eu/info/funding-tenders/opportunities/portal/screen/opportunities/topic-details/ISF-2026-TF2-AG-OCDT,
p07-fintech-regtech,EDF-2026-RA-PROTMOB-FMLA,Future multirole light aircraft,https://ec.europa.eu/info/funding-tenders/opportunities/portal/screen/opportunities/topic-details/EDF-2026-RA-PROTMOB-FMLA,
p07-fintech-regtech,HORIZON-EIC-2026-BAS-02-SCALEUP,HORIZON-EIC-2026-BAS-02-SCLATEUP,https://ec.europa.eu/info/funding-tenders/opportunities/portal/screen/opportunities/topic-details/HORIZON-EIC-2026-BAS-02-SCALEUP,
p07-fintech-regtech,DIGITAL-2026-SKILLS-10-DIGITAL-HEALTH-STEP,Advanced Digital Skills for AI Uptake in Health,https://ec.europa.eu/info/funding-tenders/opportunities/portal/screen/opportunities/topic-details/DIGITAL-2026-SKILLS-10-DIGITAL-HEALTH-STEP,
p07-fintech-regtech,HORIZON-CL5-2026-10-D6-03,"Generative AI for smarter CCAM: enhancing perception, decision-making, and validation (CCAM Partnership)",https://ec.europa.eu/info/funding-tenders/opportunities/portal/screen/opportunities/topic-details/HORIZON-CL5-2026-10-D6-03,
p07-fintech-regtech,CREA-MEDIA-2024-INNOVBUSMOD,Innovative tools and business models,https://ec.europa.eu/info/funding-tenders/opportunities/data/topicDetails/CREA-MEDIA-2024-INNOVBUSMOD.json,
p07-fintech-regtech,HORIZON-CL3-2026-02-CS-ECCC-02,"Enhancing the Security, Privacy and Robustness of AI Models and Systems (SecureAI)",https://ec.europa.eu/info/funding-tenders/opportunities/portal/screen/opportunities/topic-details/HORIZON-CL3-2026-02-CS-ECCC-02,
p07-fintech-regtech,EDF-2026-DA-PROTMOB-DMM,Secure digital military mobility system,https://ec.europa.eu/info/funding-tenders/opportunities/portal/screen/opportunities/topic-details/EDF-2026-DA-PROTMOB-DMM,
p07-fintech-regtech,HORIZON-EIC-2023-TALENTS-01-01,Next Generation Innovation Talents,https://ec.europa.eu/info/funding-tenders/opportunities/portal/screen/opportunities/competitive-calls-cs/46110887,
p07-fintech-regtech,EDF-2026-DA-ACC-AIRDEF-EATMI,High-end endo-atmospheric interception,https://ec.europa.eu/info/funding-tenders/opportunities/portal/screen/opportunities/topic-details/EDF-2026-DA-ACC-AIRDEF-EATMI,
p08-space-eo,HORIZON-MISS-2026-05-SOIL-04,Leveraging long-term field experiments and other datasets to develop AI-ready decision support systems for sustainable soil management,https://ec.europa.eu/info/funding-tenders/opportunities/portal/screen/opportunities/topic-details/HORIZON-MISS-2026-05-SOIL-04,
p08-space-eo,HORIZON-CL4-2026-SPACE-03-31,Digital enablers and building-blocks for Earth Observation and Satellite telecommunication for Space solutions (Space Partnership),https://ec.europa.eu/info/funding-tenders/opportunities/portal/screen/opportunities/topic-details/HORIZON-CL4-2026-SPACE-03-31,
p08-space-eo,HORIZON-CL4-2026-SPACE-03-61,Scientific analysis and exploitation of space data,https://ec.europa.eu/info/funding-tenders/opportunities/portal/screen/opportunities/topic-details/HORIZON-CL4-2026-SPACE-03-61,
p08-space-eo,DIGITAL-2023-CLOUD-DATA-AI-05-DATATOURISM,Data Space for tourism,https://ec.europa.eu/info/funding-tenders/opportunities/data/topicDetails/DIGITAL-2023-CLOUD-DATA-AI-05-DATATOURISM.json,
p08-space-eo,HORIZON-CL3-2026-01-INFRA-01,Tools and processes to support stress tests of critical infrastructure,https://ec.europa.eu/info/funding-tenders/opportunities/portal/screen/opportunities/topic-details/HORIZON-CL3-2026-01-INFRA-01,
p08-space-eo,HORIZON-CL4-2026-SPACE-03-32,Preparing demonstration missions for Earth Observation and Satellite telecommunication for Space solutions (Space Partnership),https://ec.europa.eu/info/funding-tenders/opportunities/portal/screen/opportunities/topic-details/HORIZON-CL4-2026-SPACE-03-32,
p08-space-eo,HORIZON-CL2-2026-01-TRANSFO-10,Fostering cooperation and integration between SSH and STEM research and innovation in the EU,https://ec.europa.eu/info/funding-tenders/opportunities/portal/screen/opportunities/topic-details/HORIZON-CL2-2026-01-TRANSFO-10,
p08-space-eo,HORIZON-CL3-2026-01-DRS-05,Climate security and civil preparedness – new ways to develop pre- and post-crisis climate-change related scenarios for a more resilient Europe,https://ec.europa.eu/info/funding-tenders/opportunities/portal/screen/opportunities/topic-details/HORIZON-CL3-2026-01-DRS-05,
p08-space-eo,EDF-2026-LS-RA-CHALLENGE-DIGIT-AISAP-STEP,"AI-based tactical situational awareness using swarms of small robots and drones – participation in a  technological challenge""",https://ec.europa.eu/info/funding-tenders/opportunities/portal/screen/opportunities/topic-details/EDF-2026-LS-RA-CHALLENGE-DIGIT-AISAP-STEP,
p08-space-eo,LIFE-2026-SAP-CLIMA-GOV,Climate Governance and Information,https://ec.europa.eu/info/funding-tenders/opportunities/portal/screen/opportunities/topic-details/LIFE-2026-SAP-CLIMA-GOV,
p08-space-eo,EDF-2026-LS-DA-SME-NT,Non-thematic development actions by SMEs,https://ec.europa.eu/info/funding-tenders/opportunities/portal/screen/opportunities/topic-details/EDF-2026-LS-DA-SME-NT,
p08-space-eo,HORIZON-CL5-2026-09-D4-01,"Researching the technical, social & economic factors impacting the energy performance of Smart Buildings (Built4People Partnership)",https://ec.europa.eu/info/funding-tenders/opportunities/portal/screen/opportunities/topic-details/HORIZON-CL5-2026-09-D4-01,
p08-space-eo,HORIZON-CL4-2026-SPACE-03-11,Reinforcing EU autonomous access to space through EU-based spaceports,https://ec.europa.eu/info/funding-tenders/opportunities/portal/screen/opportunities/topic-details/HORIZON-CL4-2026-SPACE-03-11,
p08-space-eo,EDF-2026-LS-RA-CHALLENGE-DIGIT-AISAO,"AI-based tactical situational awareness using swarms of small robots and drones – organisation of a  technological challenge""",https://ec.europa.eu/info/funding-tenders/opportunities/portal/screen/opportunities/topic-details/EDF-2026-LS-RA-CHALLENGE-DIGIT-AISAO,
p08-space-eo,PPPA-2026-IRIS2-UT-IND-READINESS,Industrial Readiness for Affordable Ka-band User Terminals,https://ec.europa.eu/info/funding-tenders/opportunities/portal/screen/opportunities/topic-details/PPPA-2026-IRIS2-UT-IND-READINESS,
p08-space-eo,HORIZON-CL4-2026-SPACE-03-86,Space critical Equipment for EU non-dependence – Space Refuelling Interface,https://ec.europa.eu/info/funding-tenders/opportunities/portal/screen/opportunities/topic-details/HORIZON-CL4-2026-SPACE-03-86,
p08-space-eo,HORIZON-CL4-2026-SPACE-03-85,Critical Facilities Serving Space EEE components for EU non-dependence – High and Very High Energy Irradiation Test Facility Market Deployment,https://ec.europa.eu/info/funding-tenders/opportunities/portal/screen/opportunities/topic-details/HORIZON-CL4-2026-SPACE-03-85,
p08-space-eo,HORIZON-CL4-2026-SPACE-03-82,Space critical EEE components for EU non-dependence – GaN MMICs mm-Wave Foundations (Phase A): Development and Industrialization of Semi-insulating SiC Substrate Capabilities,https://ec.europa.eu/info/funding-tenders/opportunities/portal/screen/opportunities/topic-details/HORIZON-CL4-2026-SPACE-03-82,
p08-space-eo,HORIZON-MISS-2026-03-OCEAN-04,Towards a European network of ocean technology testing sites,https://ec.europa.eu/info/funding-tenders/opportunities/portal/screen/opportunities/topic-details/HORIZON-MISS-2026-03-OCEAN-04,
p08-space-eo,HORIZON-CL6-2026-01-ZEROPOLLUTION-02,Bioremediation of Ukraine’s ecosystems contaminated by conflicts,https://ec.europa.eu/info/funding-tenders/opportunities/portal/screen/opportunities/topic-details/HORIZON-CL6-2026-01-ZEROPOLLUTION-02,
p09-circular-economy,HORIZON-JU-CBE-2026-IA-02,Bio-based additives as alternatives to unlock and increase recyclability and/or biodegradability,https://ec.europa.eu/info/funding-tenders/opportunities/portal/screen/opportunities/topic-details/HORIZON-JU-CBE-2026-IA-02,
p09-circular-economy,HORIZON-CL6-2026-01-CIRCBIO-04,"Demonstrating and deploying innovative collection, sorting-for-reuse and repair systems for textiles at city/region level (Circular Cities and Regions Initiative topic)",https://ec.europa.eu/info/funding-tenders/opportunities/portal/screen/opportunities/topic-details/HORIZON-CL6-2026-01-CIRCBIO-04,
p09-circular-economy,HORIZON-CL6-2026-01-CIRCBIO-03,Advanced recovery of critical raw materials from Waste from Electrical and Electronic Equipment (WEEE),https://ec.europa.eu/info/funding-tenders/opportunities/portal/screen/opportunities/topic-details/HORIZON-CL6-2026-01-CIRCBIO-03,
p09-circular-economy,HORIZON-MISS-2026-04-CIT-NEB-B4P-CCRI-03,"Introducing circular economy models in the construction sector, from buildings to city scale",https://ec.europa.eu/info/funding-tenders/opportunities/portal/screen/opportunities/topic-details/HORIZON-MISS-2026-04-CIT-NEB-B4P-CCRI-03,
p09-circular-economy,HORIZON-CL5-2026-09-D4-01,"Researching the technical, social & economic factors impacting the energy performance of Smart Buildings (Built4People Partnership)",https://ec.europa.eu/info/funding-tenders/opportunities/portal/screen/opportunities/topic-details/HORIZON-CL5-2026-09-D4-01,
p09-circular-economy,HORIZON-CL4-2024-DIGITAL-EMERGING-01-04,"Industrial leadership in AI, Data and Robotics boosting competitiveness and the green transition (AI Data and Robotics Partnership) (IA)[[https://www.europarl.europa.eu/RegData/etudes/STUD/2021/662906/IPOL_STU(2021)662906_EN.pdf]]",https://ec.europa.eu/info/funding-tenders/opportunities/portal/screen/opportunities/competitive-calls-cs/45704318,
p09-circular-economy,HORIZON-JU-CBE-2026-IA-04,"High-performance, circular-by-design, bio-based thermosets",https://ec.europa.eu/info/funding-tenders/opportunities/portal/screen/opportunities/topic-details/HORIZON-JU-CBE-2026-IA-04,
p09-circular-economy,HORIZON-JU-CBE-2026-RIA-02,SSbD bio-based polymers from alternative sources,https://ec.europa.eu/info/funding-tenders/opportunities/portal/screen/opportunities/topic-details/HORIZON-JU-CBE-2026-RIA-02,
p09-circular-economy,HORIZON-JU-CBE-2026-IA-05,Films and coatings for circular packaging,https://ec.europa.eu/info/funding-tenders/opportunities/portal/screen/opportunities/topic-details/HORIZON-JU-CBE-2026-IA-05,
p09-circular-economy,EDF-2026-LS-RA-CHALLENGE-DIGIT-AISAP-STEP,"AI-based tactical situational awareness using swarms of small robots and drones – participation in a  technological challenge""",https://ec.europa.eu/info/funding-tenders/opportunities/portal/screen/opportunities/topic-details/EDF-2026-LS-RA-CHALLENGE-DIGIT-AISAP-STEP,
p09-circular-economy,EDF-2026-LS-RA-CHALLENGE-DIGIT-AISAO,"AI-based tactical situational awareness using swarms of small robots and drones – organisation of a  technological challenge""",https://ec.europa.eu/info/funding-tenders/opportunities/portal/screen/opportunities/topic-details/EDF-2026-LS-RA-CHALLENGE-DIGIT-AISAO,
p09-circular-economy,HORIZON-JU-CBE-2026-IAFlag-01,Boosting biorefinery competitiveness through biotech,https://ec.europa.eu/info/funding-tenders/opportunities/portal/screen/opportunities/topic-details/HORIZON-JU-CBE-2026-IAFlag-01,
p09-circular-economy,HORIZON-CL5-2026-09-D4-03,"Advanced data platforms to integrate whole life carbon in building information tools, assessments, and certification (Built4People Partnership)",https://ec.europa.eu/info/funding-tenders/opportunities/portal/screen/opportunities/topic-details/HORIZON-CL5-2026-09-D4-03,
p09-circular-economy,HORIZON-JU-CBE-2026-RIA-03,Develop breakthrough and sustainable bio-based textile fibres,https://ec.europa.eu/info/funding-tenders/opportunities/portal/screen/opportunities/topic-details/HORIZON-JU-CBE-2026-RIA-03,
p09-circular-economy,HORIZON-CL6-2026-01-CIRCBIO-08,Supporting pre-normative research for standardization of the bio-based products,https://ec.europa.eu/info/funding-tenders/opportunities/portal/screen/opportunities/topic-details/HORIZON-CL6-2026-01-CIRCBIO-08,
p09-circular-economy,HORIZON-CL5-2026-09-D4-08,Full-scale demonstration of heat upgrade solutions in industrial processes,https://ec.europa.eu/info/funding-tenders/opportunities/portal/screen/opportunities/topic-details/HORIZON-CL5-2026-09-D4-08,
p09-circular-economy,HORIZON-JU-CBE-2026-RIA-01,Addressing separation and purification challenges in biorefineries,https://ec.europa.eu/info/funding-tenders/opportunities/portal/screen/opportunities/topic-details/HORIZON-JU-CBE-2026-RIA-01,
p09-circular-economy,HORIZON-CL2-2026-01-TRANSFO-05,"Contribution of basic skills to productivity, innovation, competitiveness and economic growth",https://ec.europa.eu/info/funding-tenders/opportunities/portal/screen/opportunities/topic-details/HORIZON-CL2-2026-01-TRANSFO-05,
p09-circular-economy,HORIZON-JU-CBE-2026-IA-01,Biotech routes for valorisation of residual biomass,https://ec.europa.eu/info/funding-tenders/opportunities/portal/screen/opportunities/topic-details/HORIZON-JU-CBE-2026-IA-01,
p09-circular-economy,HORIZON-CL2-2026-01-HERITAGE-07,Preventing and fighting illicit trafficking of cultural goods,https://ec.europa.eu/info/funding-tenders/opportunities/portal/screen/opportunities/topic-details/HORIZON-CL2-2026-01-HERITAGE-07,
p10-emobility,HORIZON-CL5-2026-10-D2-03,Integrated Production and Product Development for Next-Generation Lithium-based Batteries for Mobility (BATT4EU and Made in Europe Partnerships),https://ec.europa.eu/info/funding-tenders/opportunities/portal/screen/opportunities/topic-details/HORIZON-CL5-2026-10-D2-03,
p10-emobility,HORIZON-MISS-2026-04-CIT-01,"Energy efficient urban and sub-urban public transport, complemented by shared mobility",https://ec.europa.eu/info/funding-tenders/opportunities/portal/screen/opportunities/topic-details/HORIZON-MISS-2026-04-CIT-01,
p10-emobility,HORIZON-CL5-2026-10-D6-01,Flagship-pilot: large-scale demonstrations of CCAM (CCAM Partnership),https://ec.europa.eu/info/funding-tenders/opportunities/portal/screen/opportunities/topic-details/HORIZON-CL5-2026-10-D6-01,
p10-emobility,HORIZON-JU-GH-EDCTP3-2026-03-SERP-01,"Training and innovation networks for sustained capacity development related to ethics, regulatory, pharmacovigilance, and related digital regulatory platforms",https://ec.europa.eu/info/funding-tenders/opportunities/portal/screen/opportunities/topic-details/HORIZON-JU-GH-EDCTP3-2026-03-SERP-01,
p10-emobility,HORIZON-CL5-2026-10-D6-03,"Generative AI for smarter CCAM: enhancing perception, decision-making, and validation (CCAM Partnership)",https://ec.europa.eu/info/funding-tenders/opportunities/portal/screen/opportunities/topic-details/HORIZON-CL5-2026-10-D6-03,
p10-emobility,EDF-2026-LS-RA-CHALLENGE-DIGIT-AISAP-STEP,"AI-based tactical situational awareness using swarms of small robots and drones – participation in a  technological challenge""",https://ec.europa.eu/info/funding-tenders/opportunities/portal/screen/opportunities/topic-details/EDF-2026-LS-RA-CHALLENGE-DIGIT-AISAP-STEP,
p10-emobility,HORIZON-CL5-2026-09-D2-01,Producing battery-grade materials for electrodes through sustainable processing and refining of raw materials or developing bio-based materials (BATT4EU Partnership),https://ec.europa.eu/info/funding-tenders/opportunities/portal/screen/opportunities/topic-details/HORIZON-CL5-2026-09-D2-01,
p10-emobility,CEF-T-2026-SIMOBGEN-NEWTECH-WORKS,New technologies and innovation: digitalisation of road transport - works,https://ec.europa.eu/info/funding-tenders/opportunities/portal/screen/opportunities/topic-details/CEF-T-2026-SIMOBGEN-NEWTECH-WORKS,
p10-emobility,EDF-2026-DA-PROTMOB-DMM,Secure digital military mobility system,https://ec.europa.eu/info/funding-tenders/opportunities/portal/screen/opportunities/topic-details/EDF-2026-DA-PROTMOB-DMM,
p10-emobility,EDF-2026-LS-RA-CHALLENGE-DIGIT-AISAO,"AI-based tactical situational awareness using swarms of small robots and drones – organisation of a  technological challenge""",https://ec.europa.eu/info/funding-tenders/opportunities/portal/screen/opportunities/topic-details/EDF-2026-LS-RA-CHALLENGE-DIGIT-AISAO,
p10-emobility,LIFE-2026-CET-PDA,Project Development Assistance for sustainable energy investments,https://ec.europa.eu/info/funding-tenders/opportunities/portal/screen/opportunities/topic-details/LIFE-2026-CET-PDA,
p10-emobility,HORIZON-CL5-2026-10-D6-07,Supporting sustainable and smart urban mobility in Europe (CIVITAS),https://ec.europa.eu/info/funding-tenders/opportunities/portal/screen/opportunities/topic-details/HORIZON-CL5-2026-10-D6-07,
p10-emobility,CEF-T-2026-SUSTMOBGEN-EMS-WORKS,European Maritime Space and Inland ports (AFIF) - works,https://ec.europa.eu/info/funding-tenders/opportunities/portal/screen/opportunities/topic-details/CEF-T-2026-SUSTMOBGEN-EMS-WORKS,
p10-emobility,DIGITAL-2026-SKILLS-10-DIGITAL-HEALTH-STEP,Advanced Digital Skills for AI Uptake in Health,https://ec.europa.eu/info/funding-tenders/opportunities/portal/screen/opportunities/topic-details/DIGITAL-2026-SKILLS-10-DIGITAL-HEALTH-STEP,
p10-emobility,HORIZON-CL3-2026-01-INFRA-01,Tools and processes to support stress tests of critical infrastructure,https://ec.europa.eu/info/funding-tenders/opportunities/portal/screen/opportunities/topic-details/HORIZON-CL3-2026-01-INFRA-01,
p10-emobility,HORIZON-CL5-2024-D3-01-10,Next generation of renewable energy technologies,https://ec.europa.eu/info/funding-tenders/opportunities/data/topicDetails/HORIZON-CL5-2024-D3-01-10.json,
p10-emobility,HORIZON-EIC-2025-WOMENTECH,Women Tech.EU initiative,https://ec.europa.eu/info/funding-tenders/opportunities/portal/screen/opportunities/competitive-calls-cs/48106227,
p10-emobility,HORIZON-CL5-2026-10-D6-02,Geopolitical competition and socioeconomic resilience in CCAM: an innovation and policy roadmap for EU leadership (CCAM Partnership),https://ec.europa.eu/info/funding-tenders/opportunities/portal/screen/opportunities/topic-details/HORIZON-CL5-2026-10-D6-02,
p10-emobility,HORIZON-CL5-2026-10-D6-10,Enhanced resilience in multimodal passenger transport through digital technologies and generative and discriminative AI,https://ec.europa.eu/info/funding-tenders/opportunities/portal/screen/opportunities/topic-details/HORIZON-CL5-2026-10-D6-10,
p10-emobility,HORIZON-CL5-2026-09-D4-01,"Researching the technical, social & economic factors impacting the energy performance of Smart Buildings (Built4People Partnership)",https://ec.europa.eu/info/funding-tenders/opportunities/portal/screen/opportunities/topic-details/HORIZON-CL5-2026-09-D4-01,
